Name,Created,Temperature,Gravity,Angle,Battery,RSSI,CorrGravity,RunTime,ChamberTemperature,BeerTemperature
Octoberfest,2025-08-02T15:10:32.354839,22.88,1.0518,49.532,4.13,-70,1.0518,0,13.1,0
Octoberfest,2025-08-02T15:25:07.526947,22.69,1.0519,49.555,4.13,-70,1.0519,0,12.2,0
Octoberfest,2025-08-02T15:39:32.736735,22.44,1.052,49.592,4.13,-76,1.052,0,12.4,0
Octoberfest,2025-08-02T15:53:57.868150,22.19,1.052,49.6,4.13,-78,1.052,0,13,0
Octoberfest,2025-08-02T17:06:28.710514,21.06,1.0517,49.49,4.12,-75,1.0517,0,12.1,0
Octoberfest,2025-08-02T17:20:58.926464,20.88,1.0517,49.479,4.12,-76,1.0517,0,12.3,0
Octoberfest,2025-08-02T17:35:24.062814,20.69,1.0516,49.447,4.12,-75,1.0516,0,12.9,0
Octoberfest,2025-08-02T19:02:25.139486,19.5,1.051,49.193,4.11,-75,1.051,0,12.1,0
Octoberfest,2025-08-02T19:16:55.276184,19.31,1.0509,49.148,4.11,-75,1.0509,0,12.6,0
Octoberfest,2025-08-02T19:31:25.420629,19.25,1.0508,49.114,4.11,-75,1.0508,0,13.1,0
Octoberfest,2025-08-02T20:58:21.478088,18.38,1.05,48.786,4.11,-71,1.05,0,12.2,0
Octoberfest,2025-08-02T21:27:26.790827,18.25,1.0499,48.723,4.11,-69,1.0499,0,12.8,0
Octoberfest,2025-08-02T22:25:17.533753,17.75,1.0494,48.535,4.11,-69,1.0494,0,12.8,0
Octoberfest,2025-08-02T22:54:22.839439,17.5,1.0491,48.419,4.11,-71,1.0491,0,12.2,0
Octoberfest,2025-08-02T23:08:47.987872,17.38,1.0489,48.313,4.11,-70,1.0489,0,12.7,0
Octoberfest,2025-08-02T23:37:48.366576,17.31,1.0486,48.197,4.11,-75,1.0486,0,12.1,0
Octoberfest,2025-08-03T00:06:48.678056,17.06,1.0479,47.917,4.11,-75,1.0479,0,12.5,0
Octoberfest,2025-08-03T00:35:49.042550,16.94,1.0473,47.641,4.11,-70,1.0473,0,12.4,0
Octoberfest,2025-08-03T02:17:10.231103,16.25,1.0448,46.564,4.1,-75,1.0448,0,12.4,0
Octoberfest,2025-08-03T02:31:35.389970,16.19,1.0448,46.575,4.1,-75,1.0448,0,12.8,0
Octoberfest,2025-08-03T02:46:10.621783,16.19,1.0444,46.374,4.1,-75,1.0444,0,12.8,0
Octoberfest,2025-08-03T03:58:46.459988,15.88,1.0417,45.182,4.1,-75,1.0417,0,12.5,0
Octoberfest,2025-08-03T04:13:26.624582,15.75,1.0418,45.215,4.1,-76,1.0418,0,11.8,0
Octoberfest,2025-08-03T04:27:51.756937,15.69,1.0411,44.922,4.1,-75,1.0411,0,12,0
Octoberfest,2025-08-03T04:42:26.921727,15.69,1.0411,44.907,4.1,-74,1.0411,0,12.4,0
Octoberfest,2025-08-03T05:25:52.440475,15.5,1.0415,45.107,4.1,-75,1.0415,0,11.8,0
Octoberfest,2025-08-03T05:54:47.810447,15.38,1.0419,45.262,4.09,-75,1.0419,0,12.4,0
Octoberfest,2025-08-03T06:52:53.508214,15.25,1.0431,45.812,4.09,-68,1.0431,0,11.8,0
Octoberfest,2025-08-02T11:47:44.955453,26.69,1.0511,49.226,4.14,-75,1.0511,0,11.5,0
Octoberfest,2025-08-02T12:02:00.154966,26.5,1.0511,49.247,4.14,-75,1.0511,0,12.8,0
Octoberfest,2025-08-02T12:16:25.301595,26.25,1.0512,49.26,4.13,-78,1.0512,0,12.7,0
Octoberfest,2025-08-02T12:31:00.471291,25.94,1.0512,49.289,4.13,-78,1.0512,0,12.2,0
Octoberfest,2025-08-02T12:45:30.688776,25.69,1.0513,49.312,4.13,-78,1.0513,0,12.9,0
Octoberfest,2025-08-02T13:00:00.844489,25.5,1.0513,49.32,4.13,-79,1.0513,0,12.7,0
Octoberfest,2025-08-02T13:14:25.980992,25.13,1.0513,49.316,4.13,-79,1.0513,0,12.2,0
Octoberfest,2025-08-02T13:28:56.200885,24.81,1.0513,49.315,4.13,-79,1.0513,0,12.8,0
Octoberfest,2025-08-02T13:43:31.380077,24.56,1.0514,49.348,4.13,-75,1.0514,0,12.7,0
Octoberfest,2025-08-02T13:58:01.513990,24.25,1.0515,49.382,4.13,-74,1.0515,0,12.1,0
Octoberfest,2025-08-02T14:12:31.663254,23.94,1.0515,49.396,4.13,-74,1.0515,0,12.6,0
Octoberfest,2025-08-02T14:27:01.831371,23.69,1.0516,49.42,4.13,-71,1.0516,0,13,0
Octoberfest,2025-08-02T14:41:32.059253,23.5,1.0516,49.428,4.13,-73,1.0516,0,12.1,0
Octoberfest,2025-08-02T14:56:07.206270,23.19,1.0517,49.474,4.13,-70,1.0517,0,12.5,0
Octoberfest,2025-08-02T16:08:33.034726,22,1.0518,49.529,4.12,-77,1.0518,0,12.4,0
Octoberfest,2025-08-02T16:23:03.244336,21.75,1.0519,49.559,4.12,-77,1.0519,0,12.1,0
Octoberfest,2025-08-02T16:37:28.394394,21.5,1.0519,49.554,4.12,-74,1.0519,0,12.6,0
Octoberfest,2025-08-02T16:52:03.554041,21.31,1.0518,49.507,4.12,-76,1.0518,0,13.1,0
Octoberfest,2025-08-02T17:49:49.224403,20.5,1.0515,49.412,4.12,-75,1.0515,0,12.5,0
Octoberfest,2025-08-02T18:04:19.443508,20.31,1.0514,49.374,4.12,-77,1.0514,0,12.1,0
Octoberfest,2025-08-02T18:18:49.573708,20.13,1.0513,49.335,4.12,-76,1.0513,0,12.6,0
Octoberfest,2025-08-02T18:33:19.733259,19.94,1.0512,49.253,4.12,-76,1.0512,0,13,0
Octoberfest,2025-08-02T18:47:49.957355,19.69,1.0511,49.22,4.12,-75,1.0511,0,12.3,0
Octoberfest,2025-08-02T19:45:50.635826,19.13,1.0507,49.088,4.11,-70,1.0507,0,12,0
Octoberfest,2025-08-02T20:00:25.810625,18.94,1.0506,49.025,4.11,-70,1.0506,0,12.3,0
Octoberfest,2025-08-02T20:14:50.937704,18.81,1.0504,48.957,4.11,-71,1.0504,0,12.9,0
Octoberfest,2025-08-02T20:29:21.104300,18.75,1.0501,48.837,4.11,-70,1.0501,0,12.6,0
Octoberfest,2025-08-02T20:43:56.285622,18.56,1.0501,48.824,4.11,-69,1.0501,0,12,0
Octoberfest,2025-08-02T21:12:51.623417,18.38,1.05,48.772,4.11,-70,1.05,0,12.8,0
Octoberfest,2025-08-02T21:41:47.020121,18.06,1.0498,48.681,4.11,-69,1.0498,0,11.9,0
Octoberfest,2025-08-02T21:56:17.154070,17.94,1.0497,48.658,4.11,-69,1.0497,0,12.3,0
Octoberfest,2025-08-02T22:10:42.311646,17.81,1.0497,48.636,4.11,-69,1.0497,0,12.8,0
Octoberfest,2025-08-02T22:39:47.691373,17.63,1.0493,48.474,4.11,-69,1.0493,0,11.9,0
Octoberfest,2025-08-02T23:23:18.217259,17.38,1.0487,48.229,4.11,-70,1.0487,0,13.1,0
Octoberfest,2025-08-02T23:52:13.506109,17.13,1.0483,48.064,4.11,-75,1.0483,0,12,0
Octoberfest,2025-08-03T00:21:18.909128,17,1.0479,47.891,4.11,-75,1.0479,0,12.9,0
Octoberfest,2025-08-03T00:50:14.191841,16.81,1.0471,47.552,4.11,-71,1.0471,0,11.9,0
Octoberfest,2025-08-03T01:04:44.411582,16.75,1.044,46.212,4.11,-70,1.044,0,12.3,0
Octoberfest,2025-08-03T01:19:19.570247,16.56,1.046,47.071,4.1,-70,1.046,0,12.8,0
Octoberfest,2025-08-03T01:33:44.706761,16.56,1.0458,47.02,4.1,-70,1.0458,0,12.9,0
Octoberfest,2025-08-03T01:48:14.872067,16.44,1.0457,46.951,4.1,-75,1.0457,0,12,0
Octoberfest,2025-08-03T02:02:45.096910,16.38,1.0451,46.685,4.11,-75,1.0451,0,11.9,0
Octoberfest,2025-08-03T03:00:40.771368,16.06,1.0446,46.455,4.1,-75,1.0446,0,11.8,0
Octoberfest,2025-08-03T03:15:10.908113,16,1.0443,46.352,4.1,-75,1.0443,0,12.1,0
Octoberfest,2025-08-03T03:29:41.065133,15.94,1.0432,45.875,4.1,-75,1.0432,0,12.5,0
Octoberfest,2025-08-03T03:44:16.237218,15.94,1.0427,45.645,4.1,-75,1.0427,0,12.9,0
Octoberfest,2025-08-03T04:56:57.091621,15.56,1.0417,45.204,4.1,-74,1.0417,0,12.8,0
Octoberfest,2025-08-03T05:11:22.287463,15.56,1.0419,45.274,4.1,-74,1.0419,0,12.9,0
Octoberfest,2025-08-03T05:40:27.604906,15.44,1.0414,45.051,4.1,-75,1.0414,0,11.9,0
Octoberfest,2025-08-03T06:09:22.972578,15.31,1.0424,45.491,4.1,-75,1.0424,0,12.8,0
Octoberfest,2025-08-03T06:23:48.134814,15.31,1.0422,45.399,4.09,-75,1.0422,0,13.1,0
Octoberfest,2025-08-03T06:38:18.341236,15.31,1.0431,45.821,4.09,-68,1.0431,0,12.9,0
Octoberfest,2025-08-03T07:07:18.628563,15.13,1.0436,46.024,4.09,-69,1.0436,0,11.9,0
Octoberfest,2025-08-03T07:21:48.801087,15.13,1.0434,45.927,4.09,-69,1.0434,0,12.4,0
Octoberfest,2025-08-03T07:36:19.134124,15.13,1.0427,45.644,4.09,-70,1.0427,0,12.7,0
Octoberfest,2025-08-03T07:50:49.180749,15.06,1.0423,45.461,4.09,-72,1.0423,0,13.1,0
Octoberfest,2025-08-03T08:48:49.859525,14.88,1.0451,46.713,4.09,-69,1.0451,0,12.6,0
Octoberfest,2025-08-03T09:03:19.996506,14.88,1.0459,47.052,4.09,-69,1.0459,0,12.8,0
Octoberfest,2025-08-03T10:01:15.683698,14.69,1.0454,46.83,4.09,-70,1.0454,0,12.2,0
Octoberfest,2025-08-03T10:15:45.909398,14.63,1.0453,46.791,4.09,-70,1.0453,0,12.6,0
Octoberfest,2025-08-03T10:30:16.054043,14.69,1.0453,46.772,4.09,-69,1.0453,0,12.9,0
Octoberfest,2025-08-03T10:44:46.201042,14.63,1.0459,47.058,4.09,-76,1.0459,0,12.6,0
Octoberfest,2025-08-03T11:57:22.056221,14.56,1.0451,46.684,4.09,-76,1.0451,0,12.9,0
Octoberfest,2025-08-03T12:11:57.224321,14.56,1.0449,46.606,4.09,-76,1.0449,0,12.7,0
Octoberfest,2025-08-03T12:26:17.409709,14.5,1.0445,46.44,4.08,-77,1.0445,0,11.8,0
Octoberfest,2025-08-03T12:40:42.558007,14.5,1.0442,46.292,4.09,-69,1.0442,0,11.9,0
Octoberfest,2025-08-03T14:07:48.630404,14.25,1.0437,46.06,4.08,-76,1.0437,0,11.9,0
Octoberfest,2025-08-03T14:22:18.775212,14.25,1.0433,45.897,4.08,-76,1.0433,0,12.3,0
Octoberfest,2025-08-03T14:36:48.929454,14.31,1.0434,45.93,4.08,-72,1.0434,0,12.6,0
Octoberfest,2025-08-03T14:51:24.108170,14.31,1.0433,45.916,4.08,-71,1.0433,0,12.9,0
Octoberfest,2025-08-03T16:03:55.011693,14.25,1.0427,45.654,4.08,-77,1.0427,0,12.7,0
Octoberfest,2025-08-03T16:18:30.159590,14.25,1.0422,45.4,4.08,-77,1.0422,0,12.9,0
Octoberfest,2025-08-03T16:33:00.316963,14.25,1.0425,45.534,4.08,-77,1.0425,0,12.6,0
Octoberfest,2025-08-03T16:47:25.472965,14.19,1.0415,45.078,4.08,-69,1.0415,0,11.8,0
Octoberfest,2025-08-03T17:01:55.692990,14.19,1.042,45.297,4.08,-69,1.042,0,11.9,0
Octoberfest,2025-08-03T17:30:55.983169,14.19,1.0415,45.112,4.08,-69,1.0415,0,12.7,0
Octoberfest,2025-08-03T17:45:26.211109,14.19,1.0419,45.279,4.08,-69,1.0419,0,13,0
Octoberfest,2025-08-03T18:00:01.377769,14.19,1.0419,45.255,4.08,-69,1.0419,0,12.3,0
Octoberfest,2025-08-03T18:14:31.514805,14.13,1.0416,45.121,4.08,-68,1.0416,0,11.8,0
Octoberfest,2025-08-03T18:28:56.671260,14.13,1.0409,44.824,4.08,-67,1.0409,0,12,0
Octoberfest,2025-08-03T18:43:26.895452,14.13,1.0407,44.706,4.08,-68,1.0407,0,12.3,0
Octoberfest,2025-08-03T19:41:27.575153,14,1.0404,44.593,4.08,-76,1.0404,0,11.8,0
Octoberfest,2025-08-03T20:10:32.875487,14.06,1.04,44.401,4.08,-75,1.04,0,12.4,0
Octoberfest,2025-08-03T20:25:03.033197,14.06,1.04,44.396,4.08,-75,1.04,0,12.8,0
Octoberfest,2025-08-03T20:54:08.426921,14.06,1.041,44.845,4.08,-69,1.041,0,12,0
Octoberfest,2025-08-03T21:08:38.577513,14.06,1.04,44.396,4.07,-69,1.04,0,11.8,0
Octoberfest,2025-08-03T21:52:04.094863,14,1.0386,43.769,4.07,-68,1.0386,0,12.7,0
Octoberfest,2025-08-03T22:06:39.249381,14.13,1.0387,43.815,4.08,-69,1.0387,0,13,0
Octoberfest,2025-08-03T23:19:15.091513,14,1.0369,42.936,4.07,-69,1.0369,0,12.8,0
Octoberfest,2025-08-03T08:05:14.311132,15.06,1.0431,45.811,4.09,-71,1.0431,0,12,0
Octoberfest,2025-08-03T08:19:44.528323,15,1.044,46.199,4.09,-70,1.044,0,11.8,0
Octoberfest,2025-08-03T08:34:19.707578,14.94,1.0441,46.237,4.09,-70,1.0441,0,12.2,0
Octoberfest,2025-08-03T09:17:45.215972,14.88,1.0459,47.035,4.09,-69,1.0459,0,13,0
Octoberfest,2025-08-03T09:32:15.369226,14.81,1.046,47.066,4.09,-69,1.046,0,11.8,0
Octoberfest,2025-08-03T09:46:45.521640,14.75,1.0458,47.001,4.09,-70,1.0458,0,11.8,0
Octoberfest,2025-08-03T10:59:16.364986,14.56,1.0456,46.896,4.09,-75,1.0456,0,11.7,0
Octoberfest,2025-08-03T11:13:46.594053,14.56,1.0455,46.889,4.09,-75,1.0455,0,11.9,0
Octoberfest,2025-08-03T11:28:21.758393,14.5,1.0455,46.849,4.09,-76,1.0455,0,12.2,0
Octoberfest,2025-08-03T11:42:51.904682,14.56,1.0452,46.725,4.09,-76,1.0452,0,12.6,0
Octoberfest,2025-08-03T12:55:12.771792,14.44,1.0445,46.44,4.08,-70,1.0445,0,12.3,0
Octoberfest,2025-08-03T13:09:47.943014,14.44,1.0444,46.384,4.09,-70,1.0444,0,12.7,0
Octoberfest,2025-08-03T13:24:18.100868,14.44,1.0441,46.254,4.08,-70,1.0441,0,13,0
Octoberfest,2025-08-03T13:38:43.244328,14.44,1.0442,46.295,4.08,-76,1.0442,0,12.3,0
Octoberfest,2025-08-03T13:53:13.473969,14.38,1.0437,46.094,4.08,-75,1.0437,0,11.8,0
Octoberfest,2025-08-03T15:05:54.325726,14.31,1.0431,45.824,4.08,-71,1.0431,0,12.5,0
Octoberfest,2025-08-03T15:20:19.467216,14.31,1.0428,45.698,4.08,-72,1.0428,0,11.8,0
Octoberfest,2025-08-03T15:34:54.622546,14.25,1.044,46.216,4.08,-78,1.044,0,12,0
Octoberfest,2025-08-03T15:49:26.710688,14.25,1.0432,45.848,4.08,-77,1.0432,0,12.4,0
Octoberfest,2025-08-03T17:16:30.840958,14.13,1.0417,45.192,4.08,-69,1.0417,0,12.4,0
Octoberfest,2025-08-03T18:57:57.036279,14.13,1.0409,44.841,4.08,-68,1.0409,0,12.7,0
Octoberfest,2025-08-03T19:12:27.179203,14.13,1.0404,44.597,4.08,-68,1.0404,0,13,0
Octoberfest,2025-08-03T19:26:57.346050,14.13,1.0408,44.758,4.08,-68,1.0408,0,12.4,0
Octoberfest,2025-08-03T19:55:57.718946,14.06,1.0406,44.659,4.08,-75,1.0406,0,12,0
Octoberfest,2025-08-03T20:39:33.249381,14.06,1.0399,44.38,4.07,-70,1.0399,0,13.1,0
Octoberfest,2025-08-03T21:23:03.728815,13.94,1.0393,44.073,4.08,-69,1.0393,0,12,0
Octoberfest,2025-08-03T21:37:33.949332,14,1.0398,44.323,4.07,-69,1.0398,0,12.4,0
Octoberfest,2025-08-03T22:21:09.408905,14,1.0382,43.545,4.07,-69,1.0382,0,12.1,0
Octoberfest,2025-08-03T22:35:39.574666,14,1.0384,43.678,4.07,-69,1.0384,0,11.8,0
Octoberfest,2025-08-03T22:50:09.797039,14,1.0374,43.182,4.07,-69,1.0374,0,12.1,0
Octoberfest,2025-08-03T23:04:44.956932,14,1.0371,43.04,4.07,-68,1.0371,0,12.5,0
Octoberfest,2025-08-03T23:33:45.259605,14,1.0361,42.549,4.07,-70,1.0361,0,13,0
Octoberfest,2025-08-03T23:48:20.492539,14,1.0356,42.297,4.07,-69,1.0356,0,12.2,0
Octoberfest,2025-08-04T01:00:46.308514,14,1.0338,41.408,4.07,-68,1.0338,0,13.1,0
Octoberfest,2025-08-04T01:15:16.463184,14,1.0339,41.449,4.07,-68,1.0339,0,12,0
Octoberfest,2025-08-04T01:44:16.854597,13.94,1.0346,41.839,4.07,-69,1.0346,0,12.1,0
Octoberfest,2025-08-04T02:27:47.371004,13.94,1.0328,40.92,4.07,-69,1.0328,0,13.1,0
Octoberfest,2025-08-04T00:02:45.624906,14,1.0358,42.432,4.07,-69,1.0358,0,11.8,0
Octoberfest,2025-08-04T00:17:15.780184,13.94,1.0349,41.95,4.07,-69,1.0349,0,12.1,0
Octoberfest,2025-08-04T00:31:45.949251,14,1.034,41.532,4.07,-68,1.034,0,12.4,0
Octoberfest,2025-08-04T00:46:16.156949,14,1.0349,41.949,4.07,-68,1.0349,0,12.8,0
Octoberfest,2025-08-04T01:29:46.684039,13.94,1.0342,41.621,4.07,-70,1.0342,0,11.8,0
Octoberfest,2025-08-04T01:58:52.010309,13.94,1.0349,41.945,4.07,-69,1.0349,0,12.5,0
Octoberfest,2025-08-04T02:13:17.152465,13.94,1.033,41.015,4.07,-68,1.033,0,12.8,0
Octoberfest,2025-08-04T02:42:17.523250,14,1.0314,40.18,4.07,-69,1.0314,0,12.1,0
Octoberfest,2025-08-04T02:56:47.666210,13.94,1.0305,39.741,4.07,-69,1.0305,0,11.8,0
Octoberfest,2025-08-04T04:09:18.580596,13.94,1.031,40.012,4.07,-76,1.031,0,11.9,0
Octoberfest,2025-08-04T05:07:29.203873,14,1.0301,39.522,4.07,-77,1.0301,0,12.8,0
Octoberfest,2025-08-04T05:21:59.383251,13.94,1.0311,40.037,4.07,-77,1.0311,0,13.1,0
Octoberfest,2025-08-04T06:05:34.886197,13.94,1.0297,39.309,4.07,-75,1.0297,0,12.1,0
Octoberfest,2025-08-04T06:20:00.097592,13.94,1.0291,38.952,4.07,-76,1.0291,0,12.5,0
Octoberfest,2025-08-04T06:34:30.263275,14,1.031,40.007,4.07,-69,1.031,0,12.8,0
Octoberfest,2025-08-04T06:49:00.411852,14,1.0317,40.374,4.07,-70,1.0317,0,13.1,0
Octoberfest,2025-08-04T09:13:47.122242,14,1.0281,38.434,4.06,-80,1.0281,0,12.5,0
Octoberfest,2025-08-04T09:42:47.502395,14.06,1.0278,38.294,4.06,-80,1.0278,0,13,0
Octoberfest,2025-08-04T10:11:47.800301,14.06,1.0277,38.207,4.06,-80,1.0277,0,11.8,0
Octoberfest,2025-08-04T10:40:53.136403,14.06,1.0277,38.23,4.06,-70,1.0277,0,12.4,0
Octoberfest,2025-08-04T11:38:53.873248,14.06,1.0272,37.913,4.06,-71,1.0272,0,11.8,0
Octoberfest,2025-08-04T11:53:19.012237,14.06,1.0263,37.427,4.06,-71,1.0263,0,11.9,0
Octoberfest,2025-08-04T12:51:19.688507,14.13,1.0247,36.531,4.05,-70,1.0247,0,12.6,0
Octoberfest,2025-08-04T13:05:49.841660,14.13,1.0245,36.385,4.05,-70,1.0245,0,11.8,0
Octoberfest,2025-08-04T13:49:20.372405,14.13,1.0246,36.45,4.05,-69,1.0246,0,12.7,0
Octoberfest,2025-08-04T14:18:20.742446,14.19,1.0246,36.452,4.05,-69,1.0246,0,12.8,0
Octoberfest,2025-08-04T14:47:26.068833,14.13,1.0242,36.241,4.05,-75,1.0242,0,11.9,0
Octoberfest,2025-08-04T15:16:26.380441,14.13,1.024,36.08,4.05,-75,1.024,0,12.7,0
Octoberfest,2025-08-04T15:45:26.740240,14.19,1.0239,36.062,4.05,-71,1.0239,0,12.5,0
Octoberfest,2025-08-04T16:14:17.106004,14.19,1.0237,35.936,4.04,-71,1.0237,0,12,0
Octoberfest,2025-08-04T16:43:22.421757,14.19,1.0234,35.743,4.05,-77,1.0234,0,12.7,0
Octoberfest,2025-08-04T16:57:47.632203,14.13,1.0227,35.33,4.04,-75,1.0227,0,12.9,0
Octoberfest,2025-08-04T17:12:17.794990,14.19,1.0224,35.114,4.04,-76,1.0224,0,12.5,0
Octoberfest,2025-08-04T17:26:47.931090,14.19,1.0227,35.296,4.04,-75,1.0227,0,11.8,0
Octoberfest,2025-08-04T17:41:18.086465,14.19,1.023,35.483,4.04,-70,1.023,0,12,0
Octoberfest,2025-08-04T17:55:48.310331,14.19,1.0219,34.823,4.04,-68,1.0219,0,12.4,0
Octoberfest,2025-08-04T18:24:48.609086,14.25,1.0226,35.235,4.04,-72,1.0226,0,13,0
Octoberfest,2025-08-04T18:53:38.969647,14.25,1.0217,34.72,4.04,-73,1.0217,0,11.8,0
Octoberfest,2025-08-04T19:22:34.284959,14.19,1.0211,34.318,4.04,-72,1.0211,0,12.4,0
Octoberfest,2025-08-04T19:51:39.653485,14.19,1.0218,34.782,4.04,-76,1.0218,0,13,0
Octoberfest,2025-08-04T03:11:22.827153,13.94,1.0308,39.895,4.07,-69,1.0308,0,12.1,0
Octoberfest,2025-08-04T03:25:48.047275,14,1.0315,40.266,4.07,-69,1.0315,0,12.5,0
Octoberfest,2025-08-04T03:40:18.194917,14,1.0307,39.845,4.07,-76,1.0307,0,12.8,0
Octoberfest,2025-08-04T03:54:48.340393,14,1.0304,39.696,4.07,-76,1.0304,0,13,0
Octoberfest,2025-08-04T04:23:48.726641,13.94,1.0303,39.637,4.07,-76,1.0303,0,11.8,0
Octoberfest,2025-08-04T04:38:23.898064,13.94,1.0315,40.225,4.07,-77,1.0315,0,12.1,0
Octoberfest,2025-08-04T04:52:54.032633,13.94,1.0306,39.778,4.07,-77,1.0306,0,12.5,0
Octoberfest,2025-08-04T05:36:29.586513,13.94,1.0305,39.748,4.07,-77,1.0305,0,12.1,0
Octoberfest,2025-08-04T05:50:59.725050,13.94,1.0301,39.532,4.07,-76,1.0301,0,11.8,0
Octoberfest,2025-08-04T07:03:35.572690,14,1.03,39.471,4.06,-69,1.03,0,12,0
Octoberfest,2025-08-04T07:18:05.735185,14,1.0294,39.144,4.07,-69,1.0294,0,11.8,0
Octoberfest,2025-08-04T07:32:25.925192,14,1.0292,39.044,4.06,-69,1.0292,0,12,0
Octoberfest,2025-08-04T07:46:56.078323,14,1.0283,38.519,4.07,-75,1.0283,0,12.4,0
Octoberfest,2025-08-04T08:01:26.256098,14.06,1.0295,39.181,4.07,-74,1.0295,0,12.8,0
Octoberfest,2025-08-04T08:15:56.460193,14,1.0284,38.578,4.07,-74,1.0284,0,13,0
Octoberfest,2025-08-04T08:30:26.605007,14.06,1.0267,37.645,4.07,-80,1.0267,0,12.2,0
Octoberfest,2025-08-04T08:44:51.760015,14,1.0283,38.542,4.07,-77,1.0283,0,11.8,0
Octoberfest,2025-08-04T08:59:16.971899,14,1.026,37.28,4.06,-78,1.026,0,12.1,0
Octoberfest,2025-08-04T09:28:17.277671,14,1.0277,38.21,4.06,-80,1.0277,0,12.7,0
Octoberfest,2025-08-04T09:57:17.650439,14.06,1.0278,38.242,4.06,-78,1.0278,0,12.5,0
Octoberfest,2025-08-04T10:26:17.964557,14.06,1.0279,38.306,4.06,-80,1.0279,0,12,0
Octoberfest,2025-08-04T10:55:23.378404,14.06,1.0266,37.601,4.06,-71,1.0266,0,12.7,0
Octoberfest,2025-08-04T11:09:53.625653,14.13,1.0249,36.645,4.06,-70,1.0249,0,13,0
Octoberfest,2025-08-04T11:24:28.650659,14.13,1.0262,37.39,4.06,-70,1.0262,0,12.3,0
Octoberfest,2025-08-04T12:07:49.155792,14.13,1.0257,37.076,4.06,-70,1.0257,0,12.3,0
Octoberfest,2025-08-04T12:22:19.325575,14.06,1.0246,36.455,4.06,-72,1.0246,0,12.7,0
Octoberfest,2025-08-04T12:36:49.548194,14.06,1.0252,36.829,4.06,-71,1.0252,0,12.9,0
Octoberfest,2025-08-04T13:20:25.011917,14.13,1.0248,36.557,4.05,-70,1.0248,0,12,0
Octoberfest,2025-08-04T13:34:50.240284,14.13,1.024,36.13,4.05,-68,1.024,0,12.4,0
Octoberfest,2025-08-04T14:03:55.533936,14.19,1.0239,36.066,4.05,-69,1.0239,0,13,0
Octoberfest,2025-08-04T14:32:50.905396,14.13,1.0248,36.545,4.05,-69,1.0248,0,11.8,0
Octoberfest,2025-08-04T15:01:56.216835,14.13,1.0245,36.397,4.05,-75,1.0245,0,12.3,0
Octoberfest,2025-08-04T15:30:56.596626,14.19,1.0239,36.044,4.05,-78,1.0239,0,12.9,0
Octoberfest,2025-08-04T15:59:51.892383,14.19,1.0231,35.551,4.05,-70,1.0231,0,11.8,0
Octoberfest,2025-08-04T16:28:47.254325,14.13,1.0236,35.892,4.04,-73,1.0236,0,12.4,0
Octoberfest,2025-08-04T18:10:13.452399,14.25,1.0232,35.627,4.04,-72,1.0232,0,12.7,0
Octoberfest,2025-08-04T18:39:13.775733,14.31,1.0216,34.676,4.04,-73,1.0216,0,12.1,0
Octoberfest,2025-08-04T19:08:09.117582,14.19,1.0215,34.57,4.04,-72,1.0215,0,12,0
Octoberfest,2025-08-04T19:37:04.496279,14.25,1.0222,35.025,4.04,-76,1.0222,0,12.7,0
Octoberfest,2025-08-04T20:06:09.794167,14.31,1.0222,35.018,4.04,-76,1.0222,0,12.2,0
Octoberfest,2025-08-04T20:35:10.180044,14.25,1.0215,34.576,4.04,-74,1.0215,0,12.1,0
Octoberfest,2025-08-04T21:18:30.699498,14.31,1.0225,35.174,4.04,-75,1.0225,0,13,0
Octoberfest,2025-08-04T21:47:30.996152,14.25,1.0197,33.459,4.04,-73,1.0197,0,11.8,0
Octoberfest,2025-08-04T22:02:01.163641,14.25,1.0188,32.83,4.04,-72,1.0188,0,12.1,0
Octoberfest,2025-08-04T22:31:01.520720,14.38,1.0193,33.175,4.04,-73,1.0193,0,12.8,0
Octoberfest,2025-08-04T23:14:37.062669,14.25,1.018,32.312,4.04,-72,1.018,0,11.9,0
Octoberfest,2025-08-04T23:43:37.361934,14.31,1.018,32.3,4.03,-75,1.018,0,12.6,0
Octoberfest,2025-08-04T23:58:07.534070,14.31,1.0171,31.718,4.04,-75,1.0171,0,12.8,0
Octoberfest,2025-08-05T00:12:37.754043,14.31,1.018,32.341,4.04,-75,1.018,0,12.9,0
Octoberfest,2025-08-05T00:41:38.041016,14.31,1.018,32.283,4.03,-75,1.018,0,11.9,0
Octoberfest,2025-08-05T00:56:13.219484,14.31,1.0175,31.982,4.03,-75,1.0175,0,12.2,0
Octoberfest,2025-08-05T01:10:43.440073,14.31,1.0172,31.746,4.03,-75,1.0172,0,12.6,0
Octoberfest,2025-08-05T01:25:13.580411,14.38,1.0173,31.864,4.03,-75,1.0173,0,12.9,0
Octoberfest,2025-08-05T01:39:43.734867,14.38,1.0171,31.693,4.03,-72,1.0171,0,12.6,0
Octoberfest,2025-08-05T01:54:08.962868,14.38,1.017,31.616,4.03,-71,1.017,0,11.8,0
Octoberfest,2025-08-04T20:20:39.960852,14.25,1.0213,34.469,4.04,-75,1.0213,0,11.8,0
Octoberfest,2025-08-04T20:49:35.318405,14.25,1.021,34.265,4.04,-75,1.021,0,12.5,0
Octoberfest,2025-08-04T21:04:00.480852,14.25,1.019,32.97,4.04,-75,1.019,0,12.8,0
Octoberfest,2025-08-04T21:32:55.823640,14.25,1.0198,33.474,4.04,-75,1.0198,0,12.2,0
Octoberfest,2025-08-04T22:16:31.378968,14.25,1.0189,32.939,4.04,-72,1.0189,0,12.5,0
Octoberfest,2025-08-04T22:45:31.675697,14.38,1.0177,32.125,4.04,-71,1.0177,0,12.9,0
Octoberfest,2025-08-04T23:00:01.887001,14.38,1.0179,32.235,4.04,-72,1.0179,0,11.9,0
Octoberfest,2025-08-04T23:29:07.204510,14.31,1.0183,32.493,4.04,-72,1.0183,0,12.2,0
Octoberfest,2025-08-05T00:27:07.895923,14.31,1.0186,32.749,4.03,-75,1.0186,0,11.9,0
Octoberfest,2025-08-05T02:08:44.123432,14.31,1.0175,31.94,4.03,-71,1.0175,0,12,0
Octoberfest,2025-08-05T02:37:44.409865,14.31,1.0169,31.577,4.03,-75,1.0169,0,12.6,0
Octoberfest,2025-08-05T03:21:04.934252,14.31,1.0167,31.44,4.03,-75,1.0167,0,11.8,0
Octoberfest,2025-08-05T03:50:10.316814,14.44,1.0171,31.672,4.03,-71,1.0171,0,12.4,0
Octoberfest,2025-08-05T04:19:10.610808,14.38,1.0168,31.506,4.03,-73,1.0168,0,13,0
Octoberfest,2025-08-05T04:48:16.014721,14.31,1.0154,30.494,4.03,-72,1.0154,0,11.8,0
Octoberfest,2025-08-05T05:17:16.296304,14.31,1.0148,30.069,4.03,-71,1.0148,0,12.4,0
Octoberfest,2025-08-05T05:46:16.686589,14.38,1.0159,30.822,4.03,-76,1.0159,0,13,0
Octoberfest,2025-08-05T06:15:11.981517,14.38,1.0153,30.446,4.03,-75,1.0153,0,11.8,0
Octoberfest,2025-08-05T06:44:17.375770,14.31,1.0148,30.077,4.03,-71,1.0148,0,12.4,0
Octoberfest,2025-08-05T06:58:47.514783,14.31,1.0155,30.537,4.03,-71,1.0155,0,12.8,0
Octoberfest,2025-08-05T07:13:17.661777,14.38,1.0142,29.626,4.03,-71,1.0142,0,13,0
Octoberfest,2025-08-05T07:42:23.056897,14.31,1.0147,29.953,4.03,-74,1.0147,0,11.8,0
Octoberfest,2025-08-05T08:25:43.584807,14.31,1.015,30.213,4.03,-74,1.015,0,12.8,0
Octoberfest,2025-08-05T09:23:54.209948,14.31,1.0141,29.497,4.03,-71,1.0141,0,12.1,0
Octoberfest,2025-08-05T10:21:44.934256,14.31,1.0142,29.614,4.03,-75,1.0142,0,12.2,0
Octoberfest,2025-08-05T11:19:45.621141,14.31,1.0142,29.569,4.02,-70,1.0142,0,12.8,0
Octoberfest,2025-08-05T11:48:45.908234,14.25,1.0136,29.142,4.03,-73,1.0136,0,12,0
Octoberfest,2025-08-05T12:17:46.298587,14.25,1.0133,28.87,4.03,-74,1.0133,0,12,0
Octoberfest,2025-08-05T12:46:46.590055,14.19,1.014,29.441,4.03,-74,1.014,0,12.8,0
Octoberfest,2025-08-05T13:15:46.970714,14.31,1.0138,29.263,4.03,-74,1.0138,0,12.5,0
Octoberfest,2025-08-05T13:44:47.288293,14.19,1.013,28.648,4.02,-75,1.013,0,12,0
Octoberfest,2025-08-05T14:28:17.806620,14.13,1.014,29.46,4.02,-76,1.014,0,12.9,0
Octoberfest,2025-08-05T15:26:18.475711,14.06,1.0134,28.959,4.02,-68,1.0134,0,12.3,0
Octoberfest,2025-08-05T16:24:24.175878,13.94,1.0131,28.771,4.02,-74,1.0131,0,11.8,0
Octoberfest,2025-08-05T17:22:09.835235,13.88,1.0128,28.498,4.02,-76,1.0128,0,12.9,0
Octoberfest,2025-08-05T18:20:00.560607,13.75,1.0128,28.534,4.02,-69,1.0128,0,12.3,0
Octoberfest,2025-08-05T18:48:55.864684,13.81,1.0129,28.59,4.02,-69,1.0129,0,12.9,0
Octoberfest,2025-08-05T19:17:51.211476,13.81,1.0128,28.481,4.02,-69,1.0128,0,11.9,0
Octoberfest,2025-08-05T19:46:51.589139,13.75,1.0127,28.435,4.02,-72,1.0127,0,12.1,0
Octoberfest,2025-08-05T20:01:26.780851,13.63,1.0127,28.397,4.02,-71,1.0127,0,12.5,0
Octoberfest,2025-08-05T20:30:22.054505,13.69,1.0124,28.19,4.02,-72,1.0124,0,13.1,0
Octoberfest,2025-08-05T21:28:27.746712,13.63,1.0125,28.296,4.02,-72,1.0125,0,12.3,0
Octoberfest,2025-08-05T22:26:23.424903,13.5,1.0126,28.345,4.01,-75,1.0126,0,11.8,0
Octoberfest,2025-08-05T02:23:14.257105,14.31,1.0166,31.327,4.03,-71,1.0166,0,12.2,0
Octoberfest,2025-08-05T02:52:14.630850,14.38,1.0168,31.457,4.03,-75,1.0168,0,12.9,0
Octoberfest,2025-08-05T03:06:39.786581,14.38,1.0169,31.54,4.03,-75,1.0169,0,12.7,0
Octoberfest,2025-08-05T03:35:40.101244,14.38,1.0163,31.113,4.03,-72,1.0163,0,11.9,0
Octoberfest,2025-08-05T04:04:40.456692,14.38,1.0168,31.491,4.03,-70,1.0168,0,12.7,0
Octoberfest,2025-08-05T04:33:45.793776,14.44,1.0157,30.684,4.03,-71,1.0157,0,12.3,0
Octoberfest,2025-08-05T05:02:46.154570,14.31,1.0153,30.381,4.03,-71,1.0153,0,11.9,0
Octoberfest,2025-08-05T05:31:46.463938,14.31,1.0155,30.548,4.03,-72,1.0155,0,12.7,0
Octoberfest,2025-08-05T06:00:41.816060,14.38,1.0147,29.937,4.03,-75,1.0147,0,12.3,0
Octoberfest,2025-08-05T06:29:42.198693,14.31,1.0151,30.286,4.03,-75,1.0151,0,12.1,0
Octoberfest,2025-08-05T07:27:47.836425,14.38,1.015,30.206,4.03,-71,1.015,0,12.4,0
Octoberfest,2025-08-05T07:56:43.184688,14.31,1.0149,30.123,4.03,-74,1.0149,0,12.1,0
Octoberfest,2025-08-05T08:11:13.346086,14.31,1.0143,29.679,4.03,-74,1.0143,0,12.4,0
Octoberfest,2025-08-05T08:40:18.734206,14.31,1.0138,29.321,4.03,-71,1.0138,0,13.1,0
Octoberfest,2025-08-05T08:54:48.880062,14.38,1.0149,30.136,4.03,-71,1.0149,0,12.1,0
Octoberfest,2025-08-05T09:09:19.029270,14.31,1.0141,29.513,4.03,-71,1.0141,0,11.8,0
Octoberfest,2025-08-05T09:38:19.415642,14.31,1.0144,29.744,4.03,-75,1.0144,0,12.4,0
Octoberfest,2025-08-05T09:52:49.564134,14.31,1.0141,29.489,4.03,-75,1.0141,0,12.7,0
Octoberfest,2025-08-05T10:07:19.719970,14.31,1.0145,29.839,4.03,-75,1.0145,0,13,0
Octoberfest,2025-08-05T10:36:20.099771,14.31,1.0139,29.373,4.03,-71,1.0139,0,11.8,0
Octoberfest,2025-08-05T10:50:45.236870,14.25,1.0136,29.149,4.03,-71,1.0136,0,12.1,0
Octoberfest,2025-08-05T11:05:20.391994,14.31,1.0135,29.08,4.03,-69,1.0135,0,12.5,0
Octoberfest,2025-08-05T11:34:15.756986,14.25,1.0137,29.22,4.03,-72,1.0137,0,13.1,0
Octoberfest,2025-08-05T12:03:21.084718,14.25,1.0136,29.127,4.03,-73,1.0136,0,11.8,0
Octoberfest,2025-08-05T12:32:21.455396,14.19,1.0137,29.207,4.02,-74,1.0137,0,12.4,0
Octoberfest,2025-08-05T13:01:16.759518,14.31,1.0135,29.086,4.02,-74,1.0135,0,13,0
Octoberfest,2025-08-05T13:30:17.120925,14.25,1.0134,28.958,4.02,-75,1.0134,0,11.8,0
Octoberfest,2025-08-05T13:59:22.455809,14.19,1.0132,28.862,4.02,-74,1.0132,0,12.4,0
Octoberfest,2025-08-05T14:13:42.643742,14.13,1.0131,28.733,4.02,-75,1.0131,0,12.7,0
Octoberfest,2025-08-05T14:42:47.961926,14.13,1.0136,29.164,4.02,-69,1.0136,0,12.7,0
Octoberfest,2025-08-05T14:57:23.137279,14.13,1.0133,28.873,4.02,-69,1.0133,0,11.8,0
Octoberfest,2025-08-05T15:11:48.341159,14.06,1.013,28.693,4.02,-70,1.013,0,11.9,0
Octoberfest,2025-08-05T15:40:48.649916,14.06,1.0137,29.195,4.02,-78,1.0137,0,12.7,0
Octoberfest,2025-08-05T15:55:23.819304,14,1.0132,28.828,4.02,-76,1.0132,0,13,0
Octoberfest,2025-08-05T16:09:54.031902,14.06,1.013,28.635,4.02,-76,1.013,0,12.4,0
Octoberfest,2025-08-05T16:38:49.330013,13.94,1.0131,28.787,4.02,-75,1.0131,0,12,0
Octoberfest,2025-08-05T16:53:14.538911,14,1.0128,28.486,4.02,-76,1.0128,0,12.2,0
Octoberfest,2025-08-05T17:07:39.666887,13.94,1.013,28.674,4.02,-77,1.013,0,12.6,0
Octoberfest,2025-08-05T17:36:40.059971,13.94,1.0128,28.504,4.02,-69,1.0128,0,12.7,0
Octoberfest,2025-08-05T17:51:05.190156,13.94,1.0128,28.484,4.02,-69,1.0128,0,11.8,0
Octoberfest,2025-08-05T18:05:30.352829,13.81,1.0128,28.515,4.02,-68,1.0128,0,11.9,0
Octoberfest,2025-08-05T18:34:30.707046,13.75,1.0129,28.625,4.02,-69,1.0129,0,12.6,0
Octoberfest,2025-08-05T19:03:21.065780,13.81,1.0126,28.315,4.02,-68,1.0126,0,13.1,0
Octoberfest,2025-08-05T19:32:26.373519,13.75,1.0128,28.544,4.02,-69,1.0128,0,11.8,0
Octoberfest,2025-08-05T20:15:56.906241,13.69,1.0125,28.304,4.02,-71,1.0125,0,12.8,0
Octoberfest,2025-08-05T20:44:52.286105,13.69,1.0126,28.365,4.02,-72,1.0126,0,12.1,0
Octoberfest,2025-08-05T20:59:22.440033,13.63,1.0126,28.338,4.02,-72,1.0126,0,11.8,0
Octoberfest,2025-08-05T21:13:57.588126,13.56,1.0124,28.219,4.02,-72,1.0124,0,12.1,0
Octoberfest,2025-08-05T21:42:52.962929,13.56,1.0125,28.294,4.02,-74,1.0125,0,12.7,0
Octoberfest,2025-08-05T21:57:28.123207,13.63,1.0124,28.201,4.01,-75,1.0124,0,12.9,0
Octoberfest,2025-08-05T22:11:53.255692,13.63,1.0124,28.205,4.01,-74,1.0124,0,12.6,0
Octoberfest,2025-08-05T22:40:53.650042,13.5,1.0125,28.309,4.01,-74,1.0125,0,11.9,0
Octoberfest,2025-08-05T22:55:23.787633,13.5,1.0124,28.159,4.01,-75,1.0124,0,12.3,0
Octoberfest,2025-08-05T23:09:53.940789,13.5,1.0123,28.106,4.01,-74,1.0123,0,12.6,0
Octoberfest,2025-08-05T23:38:59.326439,13.5,1.0124,28.169,4.01,-77,1.0124,0,12.8,0
Octoberfest,2025-08-05T23:53:29.489954,13.38,1.0123,28.077,4.01,-76,1.0123,0,12,0
Octoberfest,2025-08-06T00:07:54.635232,13.31,1.0124,28.155,4.01,-77,1.0124,0,11.8,0
Octoberfest,2025-08-06T00:37:00.110585,13.38,1.0122,27.993,4.01,-72,1.0122,0,12.4,0
Octoberfest,2025-08-06T00:51:25.140874,13.38,1.0121,27.986,4.01,-72,1.0121,0,12.7,0
Octoberfest,2025-08-06T01:05:55.305277,13.38,1.0122,28.066,4.01,-71,1.0122,0,13,0
Octoberfest,2025-08-06T01:34:55.674528,13.31,1.0121,27.976,4.01,-72,1.0121,0,11.7,0
Octoberfest,2025-08-06T02:18:36.156693,13.25,1.012,27.857,4.01,-72,1.012,0,12.7,0
Octoberfest,2025-08-05T23:24:24.153981,13.44,1.0122,28.031,4.02,-76,1.0122,0,12.9,0
Octoberfest,2025-08-06T00:22:24.836611,13.38,1.0122,28.059,4.01,-77,1.0122,0,12.1,0
Octoberfest,2025-08-06T01:20:25.521828,13.31,1.0122,28.029,4.01,-72,1.0122,0,12.3,0
Octoberfest,2025-08-06T01:49:30.831440,13.31,1.0121,27.919,4.01,-73,1.0121,0,11.9,0
Octoberfest,2025-08-06T02:04:00.980313,13.25,1.012,27.906,4.01,-71,1.012,0,12.3,0
Octoberfest,2025-08-06T02:33:06.380026,13.25,1.0121,27.948,4.01,-72,1.0121,0,12.8,0
Octoberfest,2025-08-06T03:01:56.667608,13.31,1.0121,27.95,4.01,-69,1.0121,0,11.9,0
Octoberfest,2025-08-06T03:30:57.037611,13.13,1.012,27.86,4.01,-69,1.012,0,12.1,0
Octoberfest,2025-08-06T04:14:22.566248,13.13,1.0118,27.716,4.01,-74,1.0118,0,12.9,0
Octoberfest,2025-08-06T04:43:22.866218,13.06,1.0119,27.796,4.01,-69,1.0119,0,11.8,0
Octoberfest,2025-08-06T04:57:48.084407,13.06,1.012,27.858,4.01,-70,1.012,0,11.8,0
Octoberfest,2025-08-06T05:12:23.247945,13.06,1.0119,27.785,4.01,-70,1.0119,0,12.1,0
Octoberfest,2025-08-06T05:41:23.556510,13.13,1.0118,27.735,4.01,-68,1.0118,0,12.8,0
Octoberfest,2025-08-06T05:55:58.732102,13.13,1.0119,27.783,4.01,-69,1.0119,0,13,0
Octoberfest,2025-08-06T06:10:23.936058,13.06,1.0118,27.726,4,-69,1.0118,0,12.4,0
Octoberfest,2025-08-06T06:39:24.234480,13,1.0117,27.659,4,-74,1.0117,0,12,0
Octoberfest,2025-08-06T06:53:54.451869,13,1.0119,27.79,4.01,-75,1.0119,0,12.3,0
Octoberfest,2025-08-06T07:08:24.602345,13,1.0119,27.748,4,-75,1.0119,0,12.6,0
Octoberfest,2025-08-06T07:37:24.916727,13,1.0118,27.718,4,-72,1.0118,0,13,0
Octoberfest,2025-08-06T08:20:45.433944,12.88,1.0118,27.708,4,-72,1.0118,0,12.1,0
Octoberfest,2025-08-06T09:18:51.117240,12.94,1.0118,27.712,4,-70,1.0118,0,12.7,0
Octoberfest,2025-08-06T09:47:56.500946,12.88,1.0117,27.602,4,-76,1.0117,0,11.8,0
Octoberfest,2025-08-06T10:16:51.791972,12.88,1.0118,27.678,3.99,-77,1.0118,0,12.4,0
Octoberfest,2025-08-06T10:45:52.162810,12.88,1.0118,27.707,3.99,-70,1.0118,0,12.9,0
Octoberfest,2025-08-06T11:00:22.312668,12.88,1.0117,27.588,3.99,-71,1.0117,0,12.5,0
Octoberfest,2025-08-06T11:14:52.474078,12.81,1.0116,27.51,3.99,-70,1.0116,0,11.8,0
Octoberfest,2025-08-06T11:43:57.862424,12.75,1.0117,27.584,3.99,-69,1.0117,0,12.3,0
Octoberfest,2025-08-06T11:58:22.992409,12.81,1.0116,27.569,3.99,-68,1.0116,0,12.5,0
Octoberfest,2025-08-06T12:12:53.166291,12.81,1.0116,27.501,3.99,-71,1.0116,0,12.7,0
Octoberfest,2025-08-06T12:41:53.520703,12.81,1.0117,27.589,3.99,-77,1.0117,0,12.4,0
Octoberfest,2025-08-06T12:56:23.676532,12.75,1.0116,27.537,3.99,-76,1.0116,0,11.7,0
Octoberfest,2025-08-06T13:10:53.896278,12.69,1.0116,27.57,3.99,-75,1.0116,0,11.9,0
Octoberfest,2025-08-06T13:39:54.201527,12.75,1.0116,27.508,3.99,-77,1.0116,0,12.6,0
Octoberfest,2025-08-06T14:23:14.706112,12.75,1.0115,27.439,3.99,-76,1.0115,0,12.4,0
Octoberfest,2025-08-06T15:21:20.409691,12.63,1.0115,27.476,3.99,-74,1.0115,0,12.6,0
Octoberfest,2025-08-06T16:19:21.087309,12.63,1.0115,27.483,3.99,-79,1.0115,0,11.7,0
Octoberfest,2025-08-06T17:17:21.756971,12.63,1.0115,27.44,3.99,-74,1.0115,0,12.8,0
Octoberfest,2025-08-06T17:46:22.145881,12.69,1.0116,27.534,3.99,-79,1.0116,0,12,0
Octoberfest,2025-08-06T18:15:22.445787,12.56,1.0113,27.324,3.98,-79,1.0113,0,12,0
Octoberfest,2025-08-06T18:44:22.838228,12.56,1.0113,27.328,3.99,-75,1.0113,0,12.6,0
Octoberfest,2025-08-06T18:58:58.001581,12.63,1.0116,27.5,3.98,-76,1.0116,0,12.9,0
Octoberfest,2025-08-06T19:13:18.127296,12.63,1.0114,27.399,3.98,-76,1.0114,0,13,0
Octoberfest,2025-08-06T19:42:13.489739,12.56,1.0112,27.238,3.98,-78,1.0112,0,11.8,0
Octoberfest,2025-08-06T19:56:48.649946,12.56,1.0114,27.352,3.98,-80,1.0114,0,12.1,0
Octoberfest,2025-08-06T20:11:13.813064,12.5,1.0114,27.352,3.98,-78,1.0114,0,12.4,0
Octoberfest,2025-08-06T20:40:19.188189,12.5,1.0114,27.349,3.98,-76,1.0114,0,12.9,0
Octoberfest,2025-08-06T20:54:49.338866,12.56,1.0113,27.325,3.98,-76,1.0113,0,12.7,0
Octoberfest,2025-08-06T21:09:14.549269,12.5,1.0113,27.265,3.98,-76,1.0113,0,11.8,0
Octoberfest,2025-08-06T21:38:19.868750,12.5,1.0114,27.34,3.98,-76,1.0114,0,12.1,0
Octoberfest,2025-08-06T21:52:50.013798,12.5,1.0113,27.287,3.98,-76,1.0113,0,12.5,0
Octoberfest,2025-08-06T22:07:20.181201,12.56,1.0113,27.299,3.98,-76,1.0113,0,12.8,0
Octoberfest,2025-08-06T22:36:25.557835,12.5,1.0114,27.412,3.98,-78,1.0114,0,12.3,0
Octoberfest,2025-08-06T22:50:50.701383,12.56,1.0113,27.301,3.98,-78,1.0113,0,11.8,0
Octoberfest,2025-08-06T23:05:15.912846,12.5,1.0114,27.385,3.98,-77,1.0114,0,12,0
Octoberfest,2025-08-06T23:34:16.204325,12.5,1.0113,27.307,3.98,-78,1.0113,0,12.7,0
Octoberfest,2025-08-06T02:47:31.534212,13.25,1.0122,28.019,4.01,-71,1.0122,0,13.1,0
Octoberfest,2025-08-06T03:16:31.887012,13.19,1.0121,27.959,4.01,-69,1.0121,0,11.7,0
Octoberfest,2025-08-06T03:45:22.186405,13.13,1.012,27.833,4.01,-75,1.012,0,12.4,0
Octoberfest,2025-08-06T03:59:57.357504,13.19,1.0119,27.791,4.01,-74,1.0119,0,12.7,0
Octoberfest,2025-08-06T04:28:47.692496,13.13,1.0119,27.794,4.01,-74,1.0119,0,12.5,0
Octoberfest,2025-08-06T05:26:53.393552,13.06,1.0119,27.769,4,-69,1.0119,0,12.5,0
Octoberfest,2025-08-06T06:24:54.069781,13,1.0119,27.816,4,-68,1.0119,0,11.8,0
Octoberfest,2025-08-06T07:22:49.743137,13,1.0118,27.678,4,-76,1.0118,0,12.8,0
Octoberfest,2025-08-06T07:51:50.124078,12.94,1.012,27.907,4,-71,1.012,0,12.1,0
Octoberfest,2025-08-06T08:06:20.278330,12.94,1.0119,27.753,4,-72,1.0119,0,11.8,0
Octoberfest,2025-08-06T08:35:15.649739,12.94,1.0118,27.694,4,-70,1.0118,0,12.4,0
Octoberfest,2025-08-06T08:49:50.806285,12.88,1.0119,27.786,4,-71,1.0119,0,12.7,0
Octoberfest,2025-08-06T09:04:20.944234,12.94,1.0118,27.727,4,-70,1.0118,0,12.9,0
Octoberfest,2025-08-06T09:33:21.343265,12.81,1.0119,27.757,3.99,-70,1.0119,0,11.9,0
Octoberfest,2025-08-06T10:02:21.621684,12.88,1.0117,27.629,3.99,-77,1.0117,0,12.1,0
Octoberfest,2025-08-06T10:31:22.026075,12.88,1.0118,27.671,3.99,-76,1.0118,0,12.7,0
Octoberfest,2025-08-06T11:29:27.705923,12.81,1.0116,27.569,3.99,-70,1.0116,0,11.9,0
Octoberfest,2025-08-06T12:27:28.418327,12.88,1.0116,27.532,3.99,-71,1.0116,0,13,0
Octoberfest,2025-08-06T13:25:19.044664,12.69,1.0114,27.389,3.99,-75,1.0114,0,12.3,0
Octoberfest,2025-08-06T13:54:19.358357,12.75,1.0115,27.457,3.99,-75,1.0115,0,12.8,0
Octoberfest,2025-08-06T14:08:39.545771,12.75,1.0115,27.488,3.99,-75,1.0115,0,13.1,0
Octoberfest,2025-08-06T14:37:44.870364,12.69,1.0115,27.432,3.99,-68,1.0115,0,11.7,0
Octoberfest,2025-08-06T14:52:15.101365,12.69,1.0116,27.503,3.99,-75,1.0116,0,11.9,0
Octoberfest,2025-08-06T15:06:50.268660,12.63,1.0115,27.475,3.99,-72,1.0115,0,12.3,0
Octoberfest,2025-08-06T15:35:45.557167,12.63,1.0115,27.49,3.99,-79,1.0115,0,12.8,0
Octoberfest,2025-08-06T15:50:20.773587,12.75,1.0115,27.43,3.99,-79,1.0115,0,13.1,0
Octoberfest,2025-08-06T16:04:50.942115,12.69,1.0116,27.513,3.99,-78,1.0116,0,12,0
Octoberfest,2025-08-06T16:33:46.240414,12.63,1.0114,27.374,3.99,-80,1.0114,0,12,0
Octoberfest,2025-08-06T16:48:16.460163,12.63,1.0113,27.324,3.99,-75,1.0113,0,12.3,0
Octoberfest,2025-08-06T17:02:51.615618,12.63,1.0114,27.385,3.99,-73,1.0114,0,12.6,0
Octoberfest,2025-08-06T17:31:51.925088,12.63,1.0115,27.443,3.99,-75,1.0115,0,13.1,0
Octoberfest,2025-08-06T18:00:52.401101,12.63,1.0114,27.401,3.99,-80,1.0114,0,11.7,0
Octoberfest,2025-08-06T18:29:57.606642,12.5,1.0114,27.343,3.99,-80,1.0114,0,12.4,0
Octoberfest,2025-08-06T19:27:43.345867,12.63,1.0114,27.375,3.98,-76,1.0114,0,12.1,0
Octoberfest,2025-08-06T20:25:44.024585,12.5,1.0114,27.394,3.98,-79,1.0114,0,12.7,0
Octoberfest,2025-08-06T21:23:49.702688,12.5,1.0113,27.305,3.98,-76,1.0113,0,11.9,0
Octoberfest,2025-08-06T22:21:50.394324,12.5,1.0113,27.303,3.98,-76,1.0113,0,13,0
Octoberfest,2025-08-06T23:19:46.053374,12.5,1.0113,27.271,3.98,-78,1.0113,0,12.4,0
Octoberfest,2025-08-07T00:17:46.739882,12.44,1.0113,27.284,3.98,-76,1.0113,0,12,0
Octoberfest,2025-08-07T00:46:42.115924,12.38,1.0113,27.295,3.98,-80,1.0113,0,12.1,0
Octoberfest,2025-08-07T01:01:12.249241,12.44,1.0113,27.328,3.98,-81,1.0113,0,null,null
Octoberfest,2025-08-07T01:30:07.614970,12.5,1.0114,27.394,3.97,-80,1.0114,0,13,0
Octoberfest,2025-08-07T01:59:07.921159,12.44,1.0113,27.253,3.97,-79,1.0113,0,11.8,0
Octoberfest,2025-08-07T02:13:43.073925,12.38,1.0113,27.305,3.97,-79,1.0113,0,12,0
Octoberfest,2025-08-07T02:42:38.447419,12.44,1.0113,27.295,3.97,-78,1.0113,0,12.6,0
Octoberfest,2025-08-07T02:57:13.610966,12.44,1.0114,27.333,3.97,-79,1.0114,0,12.8,0
Octoberfest,2025-08-07T03:11:38.760452,12.5,1.0113,27.313,3.97,-80,1.0113,0,13.1,0
Octoberfest,2025-08-07T03:40:39.144676,12.5,1.0112,27.222,3.97,-76,1.0112,0,11.8,0
Octoberfest,2025-08-07T03:55:09.286277,12.38,1.0113,27.286,3.97,-76,1.0113,0,12.1,0
Octoberfest,2025-08-07T04:09:29.493548,12.31,1.0112,27.212,3.97,-76,1.0112,0,12.5,0
Octoberfest,2025-08-07T04:38:34.800245,12.38,1.0112,27.193,3.97,-76,1.0112,0,13,0
Octoberfest,2025-08-07T04:52:59.960938,12.44,1.0113,27.263,3.97,-76,1.0113,0,12.7,0
Octoberfest,2025-08-07T05:07:30.174183,12.38,1.0111,27.151,3.97,-76,1.0111,0,11.8,0
Octoberfest,2025-08-06T23:48:46.374747,12.5,1.0113,27.292,3.98,-76,1.0113,0,12.9,0
Octoberfest,2025-08-07T00:03:16.584444,12.5,1.0114,27.361,3.98,-75,1.0114,0,13.1,0
Octoberfest,2025-08-07T00:32:11.890342,12.44,1.0112,27.185,3.98,-76,1.0112,0,11.8,0
Octoberfest,2025-08-07T01:15:42.399649,12.44,1.0113,27.278,3.97,-81,1.0113,0,12.8,0
Octoberfest,2025-08-07T01:44:37.780073,12.44,1.0113,27.259,3.98,-79,1.0113,0,12.4,0
Octoberfest,2025-08-07T02:28:08.292391,12.5,1.0113,27.309,3.97,-80,1.0113,0,12.2,0
Octoberfest,2025-08-07T03:26:08.989366,12.44,1.0114,27.347,3.97,-78,1.0114,0,12,0
Octoberfest,2025-08-07T04:23:59.638748,12.38,1.0112,27.21,3.97,-76,1.0112,0,12.8,0
Octoberfest,2025-08-07T05:22:05.332641,12.38,1.0112,27.235,3.97,-76,1.0112,0,11.9,0
Octoberfest,2025-08-07T06:20:01.000985,12.38,1.0112,27.224,3.97,-78,1.0112,0,13,0
Octoberfest,2025-08-07T07:17:56.671600,12.38,1.0112,27.195,3.97,-79,1.0112,0,12.4,0
Octoberfest,2025-08-07T08:01:27.192963,12.38,1.0112,27.205,3.97,-78,1.0112,0,12.6,0
Octoberfest,2025-08-07T08:30:32.524410,12.25,1.0112,27.182,3.97,-80,1.0112,0,11.9,0
Octoberfest,2025-08-07T09:28:23.259128,12.31,1.0112,27.188,3.97,-78,1.0112,0,13.1,0
Octoberfest,2025-08-07T10:26:18.916534,12.25,1.0112,27.17,3.97,-78,1.0112,0,12.4,0
Octoberfest,2025-08-07T11:24:04.568131,12.25,1.0111,27.134,3.97,-75,1.0111,0,11.8,0
Octoberfest,2025-08-07T12:22:05.250579,12.25,1.011,27.073,3.97,-79,1.011,0,12.8,0
Octoberfest,2025-08-07T13:20:00.981958,12.19,1.0111,27.148,3.96,-79,1.0111,0,12,0
Octoberfest,2025-08-07T13:49:01.300746,12.19,1.0106,26.654,3.96,-79,1.0106,0,12.7,0
Octoberfest,2025-08-07T14:03:31.449866,12.31,1.0111,27.079,3.96,-76,1.0111,0,12.9,0
Octoberfest,2025-08-07T14:32:26.810903,12.25,1.0111,27.109,3.96,-80,1.0111,0,12,0
Octoberfest,2025-08-07T14:47:01.977522,12.19,1.0111,27.136,3.96,-79,1.0111,0,11.8,0
Octoberfest,2025-08-07T15:01:32.132290,12.19,1.0111,27.132,3.96,-79,1.0111,0,12.1,0
Octoberfest,2025-08-07T15:30:22.484344,12.25,1.0111,27.101,3.96,-77,1.0111,0,12.7,0
Octoberfest,2025-08-07T16:13:48.002317,12.19,1.0111,27.118,3.96,-79,1.0111,0,11.8,0
Octoberfest,2025-08-07T16:42:53.328010,12.19,1.011,27.042,3.96,-81,1.011,0,12.2,0
Octoberfest,2025-08-07T16:57:18.537722,12.19,1.0111,27.102,3.96,-81,1.0111,0,12.5,0
Octoberfest,2025-08-07T17:26:13.839104,12.19,1.0111,27.126,3.96,-81,1.0111,0,13,0
Octoberfest,2025-08-07T18:09:49.362122,12.19,1.011,27.058,3.96,-81,1.011,0,12,0
Octoberfest,2025-08-07T18:38:44.737210,12.13,1.0111,27.091,3.96,-76,1.0111,0,12.6,0
Octoberfest,2025-08-07T18:53:14.884878,12.19,1.0111,27.081,3.96,-76,1.0111,0,12.8,0
Octoberfest,2025-08-07T19:22:15.264489,12.19,1.011,27.073,3.96,-77,1.011,0,12.1,0
Octoberfest,2025-08-07T19:51:15.560049,12.19,1.011,27.02,3.96,-82,1.011,0,12.1,0
Octoberfest,2025-08-07T20:20:10.934970,12.19,1.011,27.055,3.96,-80,1.011,0,12.7,0
Octoberfest,2025-08-07T21:03:36.453805,12.19,1.011,27.039,3.96,-81,1.011,0,11.8,0
Octoberfest,2025-08-07T21:32:41.753796,12.19,1.0109,26.988,3.96,-79,1.0109,0,12.1,0
Octoberfest,2025-08-07T21:47:06.915297,12.19,1.011,27.048,3.96,-77,1.011,0,12.4,0
Octoberfest,2025-08-07T22:16:07.282781,12.19,1.011,27.054,3.96,-76,1.011,0,12.9,0
Octoberfest,2025-08-07T22:59:37.826521,12.19,1.011,27.006,3.95,-76,1.011,0,11.9,0
Octoberfest,2025-08-07T23:28:38.117656,12.19,1.011,27.069,3.95,-76,1.011,0,12.6,0
Octoberfest,2025-08-08T00:12:03.624789,12.19,1.011,27,3.95,-76,1.011,0,12.4,0
Octoberfest,2025-08-08T00:41:04.033740,12.19,1.011,26.995,3.95,-75,1.011,0,11.9,0
Octoberfest,2025-08-08T00:55:29.152108,12.25,1.011,27.015,3.95,-76,1.011,0,12.3,0
Octoberfest,2025-08-08T01:24:29.533616,12.19,1.011,27.02,3.95,-76,1.011,0,12.9,0
Octoberfest,2025-08-08T01:53:19.815808,12.19,1.011,27.013,3.95,-80,1.011,0,12.2,0
Octoberfest,2025-08-08T02:22:15.172496,12.19,1.0109,26.984,3.95,-78,1.0109,0,12,0
Octoberfest,2025-08-08T03:05:45.707843,12.19,1.0109,26.991,3.95,-77,1.0109,0,12.9,0
Octoberfest,2025-08-08T03:34:41.016386,12.19,1.011,27.019,3.95,-77,1.011,0,11.9,0
Octoberfest,2025-08-08T03:49:11.229306,12.13,1.0109,26.981,3.95,-77,1.0109,0,11.8,0
Octoberfest,2025-08-08T04:18:16.535040,12.19,1.011,27.001,3.95,-77,1.011,0,12.4,0
Octoberfest,2025-08-08T05:01:42.058447,12.13,1.011,27.024,3.94,-76,1.011,0,13,0
Octoberfest,2025-08-08T05:30:42.425781,12.06,1.0108,26.905,3.94,-72,1.0108,0,11.8,0
Octoberfest,2025-08-08T05:45:17.604391,12.13,1.0109,26.948,3.94,-69,1.0109,0,12.1,0
Octoberfest,2025-08-08T06:14:12.895823,12.19,1.011,27.012,3.94,-69,1.011,0,12.7,0
Octoberfest,2025-08-07T05:36:30.473321,12.31,1.0112,27.206,3.97,-79,1.0112,0,12.3,0
Octoberfest,2025-08-07T05:51:05.645871,12.31,1.0112,27.211,3.97,-78,1.0112,0,12.6,0
Octoberfest,2025-08-07T06:05:35.865564,12.31,1.0112,27.233,3.97,-78,1.0112,0,12.9,0
Octoberfest,2025-08-07T06:34:31.169738,12.38,1.0111,27.16,3.97,-79,1.0111,0,11.9,0
Octoberfest,2025-08-07T06:48:56.380414,12.31,1.0112,27.196,3.97,-79,1.0112,0,11.8,0
Octoberfest,2025-08-07T07:03:26.517511,12.31,1.0112,27.213,3.97,-78,1.0112,0,12.1,0
Octoberfest,2025-08-07T07:32:26.836991,12.31,1.0111,27.151,3.97,-79,1.0111,0,12.7,0
Octoberfest,2025-08-07T07:46:57.055149,12.31,1.0112,27.222,3.97,-79,1.0112,0,12.9,0
Octoberfest,2025-08-07T08:15:57.350638,12.31,1.0111,27.158,3.97,-79,1.0111,0,11.8,0
Octoberfest,2025-08-07T08:44:57.742882,12.25,1.0112,27.184,3.97,-78,1.0112,0,12.3,0
Octoberfest,2025-08-07T08:59:17.860655,12.31,1.0112,27.21,3.97,-78,1.0112,0,12.6,0
Octoberfest,2025-08-07T09:13:48.076996,12.31,1.0111,27.137,3.97,-77,1.0111,0,12.9,0
Octoberfest,2025-08-07T09:42:53.401556,12.31,1.0111,27.136,3.97,-78,1.0111,0,12.1,0
Octoberfest,2025-08-07T09:57:18.553750,12.25,1.0112,27.175,3.97,-79,1.0112,0,11.8,0
Octoberfest,2025-08-07T10:11:43.763578,12.31,1.0112,27.178,3.97,-80,1.0112,0,12.1,0
Octoberfest,2025-08-07T10:40:44.060290,12.31,1.0111,27.147,3.97,-75,1.0111,0,12.7,0
Octoberfest,2025-08-07T10:55:09.283619,12.31,1.0111,27.137,3.97,-75,1.0111,0,13,0
Octoberfest,2025-08-07T11:09:39.421943,12.31,1.0111,27.155,3.97,-75,1.0111,0,12.5,0
Octoberfest,2025-08-07T11:38:29.789915,12.25,1.0111,27.131,3.97,-78,1.0111,0,11.8,0
Octoberfest,2025-08-07T11:52:59.930534,12.25,1.011,27.076,3.97,-78,1.011,0,12.2,0
Octoberfest,2025-08-07T12:07:30.081359,12.25,1.0127,28.436,3.96,-80,1.0127,0,12.5,0
Octoberfest,2025-08-07T12:36:35.472985,12.19,1.0112,27.166,3.97,-79,1.0112,0,13,0
Octoberfest,2025-08-07T12:51:05.623999,12.25,1.0111,27.163,3.97,-79,1.0111,0,12.2,0
Octoberfest,2025-08-07T13:05:35.775595,12.19,1.0111,27.094,3.96,-80,1.0111,0,11.8,0
Octoberfest,2025-08-07T13:34:31.152433,12.19,1.011,27.067,3.97,-80,1.011,0,12.4,0
Octoberfest,2025-08-07T14:17:56.666651,12.25,1.0111,27.129,3.96,-80,1.0111,0,13.1,0
Octoberfest,2025-08-07T15:15:52.332077,12.19,1.011,27.059,3.96,-77,1.011,0,12.4,0
Octoberfest,2025-08-07T15:44:57.647615,12.25,1.0111,27.118,3.96,-79,1.0111,0,13,0
Octoberfest,2025-08-07T15:59:17.865025,12.19,1.0111,27.129,3.96,-79,1.0111,0,12.5,0
Octoberfest,2025-08-07T16:28:18.160367,12.19,1.0111,27.095,3.96,-78,1.0111,0,11.8,0
Octoberfest,2025-08-07T17:11:43.669725,12.25,1.0111,27.104,3.96,-82,1.0111,0,12.8,0
Octoberfest,2025-08-07T17:40:44.059383,12.25,1.0111,27.086,3.96,-78,1.0111,0,12.3,0
Octoberfest,2025-08-07T17:55:19.222574,12.13,1.0111,27.105,3.96,-79,1.0111,0,11.8,0
Octoberfest,2025-08-07T18:24:14.568099,12.13,1.011,27.025,3.96,-81,1.011,0,12.3,0
Octoberfest,2025-08-07T19:07:45.035100,12.25,1.011,27.076,3.96,-77,1.011,0,13,0
Octoberfest,2025-08-07T19:36:45.421632,12.19,1.011,27.055,3.96,-81,1.011,0,11.8,0
Octoberfest,2025-08-07T20:05:40.720294,12.13,1.011,27.051,3.96,-80,1.011,0,12.4,0
Octoberfest,2025-08-07T20:34:46.099754,12.25,1.011,27.056,3.96,-80,1.011,0,12.9,0
Octoberfest,2025-08-07T20:49:16.246843,12.31,1.011,27.05,3.96,-81,1.011,0,12.8,0
Octoberfest,2025-08-07T21:18:11.608597,12.19,1.011,27.02,3.96,-80,1.011,0,11.8,0
Octoberfest,2025-08-07T22:01:37.126161,12.25,1.011,27.045,3.95,-76,1.011,0,12.7,0
Octoberfest,2025-08-07T22:30:37.441277,12.19,1.011,27.047,3.95,-76,1.011,0,12.6,0
Octoberfest,2025-08-07T22:45:12.617157,12.19,1.011,27.078,3.95,-75,1.011,0,11.8,0
Octoberfest,2025-08-07T23:14:12.982481,12.19,1.011,27.063,3.96,-76,1.011,0,12.3,0
Octoberfest,2025-08-07T23:43:03.337016,12.25,1.011,27.051,3.95,-75,1.011,0,12.8,0
Octoberfest,2025-08-07T23:57:33.474479,12.25,1.011,27.003,3.95,-76,1.011,0,13,0
Octoberfest,2025-08-08T00:26:38.804133,12.19,1.011,27.012,3.95,-75,1.011,0,11.8,0
Octoberfest,2025-08-08T01:10:04.310451,12.13,1.011,27.044,3.95,-76,1.011,0,12.6,0
Octoberfest,2025-08-08T01:38:54.665824,12.25,1.011,27.04,3.95,-78,1.011,0,13,0
Octoberfest,2025-08-08T02:07:50.039094,12.13,1.0109,26.982,3.95,-78,1.0109,0,11.8,0
Octoberfest,2025-08-08T02:36:40.329187,12.13,1.011,26.999,3.95,-80,1.011,0,12.3,0
Octoberfest,2025-08-08T02:51:10.551746,12.19,1.011,27.038,3.95,-78,1.011,0,12.6,0
Octoberfest,2025-08-08T03:20:10.843237,12.19,1.0113,27.297,3.95,-78,1.0113,0,13,0
Octoberfest,2025-08-08T04:03:41.374149,12.13,1.0109,26.992,3.95,-77,1.0109,0,12.1,0
Octoberfest,2025-08-08T04:32:41.700425,12.13,1.0109,26.971,3.94,-77,1.0109,0,12.7,0
Octoberfest,2025-08-08T04:47:11.907999,12.13,1.011,27.03,3.94,-76,1.011,0,12.9,0
Octoberfest,2025-08-08T05:16:12.211122,12.06,1.0109,26.972,3.94,-75,1.0109,0,11.9,0
Octoberfest,2025-08-08T05:59:42.731119,12.13,1.011,27.001,3.94,-71,1.011,0,12.5,0
Octoberfest,2025-08-08T06:28:43.121867,12.25,1.011,26.997,3.94,-72,1.011,0,13,0
